,SubjectID,Age,Sex,LVEF,LAdiameter,Score_AF_Progression
0,ID.1,69,1,44,11,-4.816000000000001
1,ID.2,81,1,41,40,0.2649999999999988
2,ID.3,55,1,51,31,-3.724000000000001
3,ID.4,63,1,21,61,2.201999999999999
4,ID.5,59,0,56,41,-3.2550000000000017
5,ID.6,58,0,50,42,-2.974
6,ID.7,60,1,47,50,-0.5770000000000017
7,ID.8,42,1,58,39,-4.136
8,ID.9,75,0,45,54,0.38599999999999923
9,ID.10,77,1,49,50,0.9069999999999991
